[
    {
        "name": "nativescript-angular",
        "directory": "../../node_modules/nativescript-angular"
    },
    {
        "name": "nativescript-cardview",
        "directory": "../../node_modules/nativescript-cardview"
    },
    {
        "name": "nativescript-permissions",
        "directory": "../../node_modules/nativescript-permissions"
    },
    {
        "name": "nativescript-plugin-firebase",
        "directory": "../../node_modules/nativescript-plugin-firebase"
    },
    {
        "name": "nativescript-social-share",
        "directory": "../../node_modules/nativescript-social-share"
    },
    {
        "name": "nativescript-theme-core",
        "directory": "../../node_modules/nativescript-theme-core"
    },
    {
        "name": "nativescript-ui-sidedrawer",
        "directory": "../../node_modules/nativescript-ui-sidedrawer"
    },
    {
        "name": "tns-core-modules",
        "directory": "../../node_modules/tns-core-modules"
    },
    {
        "name": "nativescript-intl",
        "directory": "../../node_modules/nativescript-intl"
    },
    {
        "name": "nativescript-ui-core",
        "directory": "../../node_modules/nativescript-ui-core"
    },
    {
        "name": "tns-core-modules-widgets",
        "directory": "../../node_modules/tns-core-modules-widgets"
    }
]